datetime,locale,path,event_name,source,example_id
2026-09-28 10:30,es,/es/blog,blog_click,website,EVT001
2026-09-28 10:45,es,/es/miembros-sigue,membership_click,website,EVT002
2026-09-28 11:00,en,/en/blog,blog_click,website,EVT003
2026-09-28 11:20,es,/es/eventos,events_click,website,EVT004
2026-09-28 11:40,es,/es/cumbre-sigue-2026,cumbre_registration_click,website,EVT005
2026-09-28 12:00,en,/en/cumbre-sigue-2026,cumbre_registration_click,website,EVT006
2026-09-28 12:15,es,/es/cumbre-sigue-2026,cumbre_zeffy_click,website,EVT007
2026-09-28 12:30,es,/es/cumbre-sigue-2026,cumbre_transfer_calculator_use,website,EVT008
2026-09-28 13:00,es,/es/donaciones,donation_zeffy_embed_rendered,website,EVT009
2026-09-28 13:20,en,/en/formulario,form_submit_confirmed,website,EVT010
2026-09-29 09:15,es,/es/blog,blog_click,website,EVT011
2026-09-29 09:40,es,/es/blog,blog_click,website,EVT012
2026-09-29 10:10,en,/en/miembros-sigue,membership_click,website,EVT013
2026-09-29 10:30,es,/es/eventos,events_click,website,EVT014
2026-09-29 11:00,es,/es/cumbre-sigue-2026,cumbre_registration_click,website,EVT015
2026-09-29 11:20,en,/en/cumbre-sigue-2026,cumbre_zeffy_click,website,EVT016
2026-09-29 11:45,es,/es/cumbre-sigue-2026,cumbre_transfer_calculator_use,website,EVT017
2026-09-29 12:15,es,/es/donaciones,donation_zeffy_embed_rendered,website,EVT018
2026-09-29 13:00,es,/es/formulario,form_submit_confirmed,website,EVT019
2026-09-29 14:20,en,/en/eventos,events_click,website,EVT020
2026-09-30 09:00,es,/es/blog,blog_click,website,EVT021
2026-09-30 09:30,en,/en/blog,blog_click,website,EVT022
2026-09-30 10:00,es,/es/miembros-sigue,membership_click,website,EVT023
2026-09-30 10:25,es,/es/eventos,events_click,website,EVT024
2026-09-30 11:00,es,/es/cumbre-sigue-2026,cumbre_registration_click,website,EVT025
2026-09-30 11:30,es,/es/cumbre-sigue-2026,cumbre_zeffy_click,website,EVT026
2026-09-30 12:00,en,/en/cumbre-sigue-2026,cumbre_registration_click,website,EVT027
2026-09-30 12:30,es,/es/donaciones,donation_zeffy_embed_rendered,website,EVT028
2026-09-30 13:15,en,/en/formulario,form_submit_confirmed,website,EVT029
2026-09-30 14:00,es,/es/blog,blog_click,website,EVT030
2026-10-01 09:20,es,/es/blog,blog_click,website,EVT031
2026-10-01 09:50,en,/en/blog,blog_click,website,EVT032
2026-10-01 10:15,es,/es/miembros-sigue,membership_click,website,EVT033
2026-10-01 10:45,es,/es/eventos,events_click,website,EVT034
2026-10-01 11:15,es,/es/cumbre-sigue-2026,cumbre_registration_click,website,EVT035
2026-10-01 11:45,en,/en/cumbre-sigue-2026,cumbre_zeffy_click,website,EVT036
2026-10-01 12:20,es,/es/donaciones,donation_zeffy_embed_rendered,website,EVT037
2026-10-01 13:10,es,/es/formulario,form_submit_confirmed,website,EVT038
2026-10-01 14:00,en,/en/eventos,events_click,website,EVT039
2026-10-01 14:30,es,/es/blog,blog_click,website,EVT040